Accession	Organism Name	NCBI Taxonomy	GTDB Taxonomy	GTDB Representative of Species	GTDB Type Material
GCF_000568815.1	Sulfurospirillum multivorans DSM 12446	d__Bacteria;p__Campylobacterota;c__Epsilonproteobacteria;o__Campylobacterales;f__Sulfurospirillaceae;g__Sulfurospirillum;s__Sulfurospirillum multivorans	d__Bacteria;p__Campylobacterota;c__Campylobacteria;o__Campylobacterales;f__Sulfurospirillaceae;g__Sulfurospirillum;s__Sulfurospirillum multivorans	True	type strain of species
GCF_000155475.1	Helicobacter cinaedi CCUG 18818 = ATCC BAA-847	d__Bacteria;p__Campylobacterota;c__Epsilonproteobacteria;o__Campylobacterales;f__Helicobacteraceae;g__Helicobacter;s__Helicobacter cinaedi	d__Bacteria;p__Campylobacterota;c__Campylobacteria;o__Campylobacterales;f__Helicobacteraceae;g__Helicobacter_C;s__Helicobacter_C cinaedi	True	type strain of species
GCF_000183725.1	Sulfuricurvum kujiense DSM 16994	d__Bacteria;p__Campylobacterota;c__Epsilonproteobacteria;o__Campylobacterales;f__Sulfurimonadaceae;g__Sulfuricurvum;s__Sulfuricurvum kujiense	d__Bacteria;p__Campylobacterota;c__Campylobacteria;o__Campylobacterales;f__Sulfurimonadaceae;g__Sulfuricurvum;s__Sulfuricurvum kujiense	True	type strain of species
GCF_000420385.1	Hippea alviniae EP5-r	d__Bacteria;p__Campylobacterota;c__Desulfurellia;o__Desulfurellales;f__Hippeaceae;g__Hippea;s__Hippea alviniae	d__Bacteria;p__Campylobacterota;c__Desulfurellia;o__Desulfurellales;f__Hippeaceae;g__Hippea;s__Hippea alviniae	True	type strain of species
GCF_000147355.1	Sulfurimonas autotrophica DSM 16294	d__Bacteria;p__Campylobacterota;c__Epsilonproteobacteria;o__Campylobacterales;f__Sulfurimonadaceae;g__Sulfurimonas;s__Sulfurimonas autotrophica	d__Bacteria;p__Campylobacterota;c__Campylobacteria;o__Campylobacterales;f__Sulfurimonadaceae;g__Sulfurimonas;s__Sulfurimonas autotrophica	True	type strain of species
GCF_000021725.1	Nautilia profundicola AmH	d__Bacteria;p__Campylobacterota;c__Epsilonproteobacteria;o__Nautiliales;f__Nautiliaceae;g__Nautilia;s__Nautilia profundicola	d__Bacteria;p__Campylobacterota;c__Campylobacteria;o__Nautiliales;f__Nautiliaceae;g__Nautilia;s__Nautilia profundicola	True	type strain of species
GCF_000762845.2	Helicobacter japonicus	d__Bacteria;p__Campylobacterota;c__Epsilonproteobacteria;o__Campylobacterales;f__Helicobacteraceae;g__Helicobacter;s__Helicobacter japonicus	d__Bacteria;p__Campylobacterota;c__Campylobacteria;o__Campylobacterales;f__Helicobacteraceae;g__Helicobacter_C;s__Helicobacter_C japonicus	True	type strain of species
GCF_000765805.2	Helicobacter muridarum	d__Bacteria;p__Campylobacterota;c__Epsilonproteobacteria;o__Campylobacterales;f__Helicobacteraceae;g__Helicobacter;s__Helicobacter muridarum	d__Bacteria;p__Campylobacterota;c__Campylobacteria;o__Campylobacterales;f__Helicobacteraceae;g__Helicobacter_A;s__Helicobacter_A muridarum	True	type strain of species
GCF_000762875.2	Helicobacter saguini	d__Bacteria;p__Campylobacterota;c__Epsilonproteobacteria;o__Campylobacterales;f__Helicobacteraceae;g__Helicobacter;s__Helicobacter saguini	d__Bacteria;p__Campylobacterota;c__Campylobacteria;o__Campylobacterales;f__Helicobacteraceae;g__Helicobacter_A;s__Helicobacter_A saguini	True	type strain of species
GCF_000687535.1	Helicobacter rodentium ATCC 700285	d__Bacteria;p__Campylobacterota;c__Epsilonproteobacteria;o__Campylobacterales;f__Helicobacteraceae;g__Helicobacter;s__Helicobacter rodentium	d__Bacteria;p__Campylobacterota;c__Campylobacteria;o__Campylobacterales;f__Helicobacteraceae;g__Helicobacter_D;s__Helicobacter_D rodentium	True	type strain of species
GCF_000017585.1	Campylobacter hominis ATCC BAA-381	d__Bacteria;p__Campylobacterota;c__Epsilonproteobacteria;o__Campylobacterales;f__Campylobacteraceae;g__Campylobacter;s__Campylobacter hominis	d__Bacteria;p__Campylobacterota;c__Campylobacteria;o__Campylobacterales;f__Campylobacteraceae;g__Campylobacter_B;s__Campylobacter_B hominis	True	type strain of species
GCF_000162575.1	Helicobacter canadensis MIT 98-5491	d__Bacteria;p__Campylobacterota;c__Epsilonproteobacteria;o__Campylobacterales;f__Helicobacteraceae;g__Helicobacter;s__Helicobacter canadensis	d__Bacteria;p__Campylobacterota;c__Campylobacteria;o__Campylobacterales;f__Helicobacteraceae;g__Helicobacter_D;s__Helicobacter_D canadensis	True	type strain of species
GCF_000813325.1	Sulfurospirillum cavolei NBRC 109482	d__Bacteria;p__Campylobacterota;c__Epsilonproteobacteria;o__Campylobacterales;f__Sulfurospirillaceae;g__Sulfurospirillum;s__Sulfurospirillum cavolei	d__Bacteria;p__Campylobacterota;c__Campylobacteria;o__Campylobacterales;f__Sulfurospirillaceae;g__Sulfurospirillum;s__Sulfurospirillum cavolei	True	type strain of species
GCF_000507845.1	Helicobacter macacae MIT 99-5501	d__Bacteria;p__Campylobacterota;c__Epsilonproteobacteria;o__Campylobacterales;f__Helicobacteraceae;g__Helicobacter;s__Helicobacter macacae	d__Bacteria;p__Campylobacterota;c__Campylobacteria;o__Campylobacterales;f__Helicobacteraceae;g__Helicobacter_B;s__Helicobacter_B macacae	True	type strain of species
GCF_001298465.1	Campylobacter concisus	d__Bacteria;p__Campylobacterota;c__Epsilonproteobacteria;o__Campylobacterales;f__Campylobacteraceae;g__Campylobacter;s__Campylobacter concisus	d__Bacteria;p__Campylobacterota;c__Campylobacteria;o__Campylobacterales;f__Campylobacteraceae;g__Campylobacter_A;s__Campylobacter_A concisus	True	type strain of species
GCF_000259275.1	Helicobacter cetorum MIT 99-5656	d__Bacteria;p__Campylobacterota;c__Epsilonproteobacteria;o__Campylobacterales;f__Helicobacteraceae;g__Helicobacter;s__Helicobacter cetorum	d__Bacteria;p__Campylobacterota;c__Campylobacteria;o__Campylobacterales;f__Helicobacteraceae;g__Helicobacter;s__Helicobacter cetorum	True	type strain of species
GCF_000816305.1	Campylobacter subantarcticus LMG 24377	d__Bacteria;p__Campylobacterota;c__Epsilonproteobacteria;o__Campylobacterales;f__Campylobacteraceae;g__Campylobacter;s__Campylobacter subantarcticus	d__Bacteria;p__Campylobacterota;c__Campylobacteria;o__Campylobacterales;f__Campylobacteraceae;g__Campylobacter_D;s__Campylobacter_D subantarcticus	True	type strain of species
GCF_000092245.1	Arcobacter nitrofigilis DSM 7299	d__Bacteria;p__Campylobacterota;c__Epsilonproteobacteria;o__Campylobacterales;f__Arcobacteraceae;g__Arcobacter;s__Arcobacter nitrofigilis	d__Bacteria;p__Campylobacterota;c__Campylobacteria;o__Campylobacterales;f__Arcobacteraceae;g__Arcobacter;s__Arcobacter nitrofigilis	True	type strain of species
GCF_001282945.1	Helicobacter ailurogastricus	d__Bacteria;p__Campylobacterota;c__Epsilonproteobacteria;o__Campylobacterales;f__Helicobacteraceae;g__Helicobacter;s__Helicobacter ailurogastricus	d__Bacteria;p__Campylobacterota;c__Campylobacteria;o__Campylobacterales;f__Helicobacteraceae;g__Helicobacter_E;s__Helicobacter_E ailurogastricus	True	type strain of species
GCF_000024885.1	Sulfurospirillum deleyianum DSM 6946	d__Bacteria;p__Campylobacterota;c__Epsilonproteobacteria;o__Campylobacterales;f__Sulfurospirillaceae;g__Sulfurospirillum;s__Sulfurospirillum deleyianum	d__Bacteria;p__Campylobacterota;c__Campylobacteria;o__Campylobacterales;f__Sulfurospirillaceae;g__Sulfurospirillum;s__Sulfurospirillum deleyianum	True	type strain of species
GCF_000597725.1	Sulfurospirillum arcachonense DSM 9755	d__Bacteria;p__Campylobacterota;c__Epsilonproteobacteria;o__Campylobacterales;f__Sulfurospirillaceae;g__Sulfurospirillum;s__Sulfurospirillum arcachonense	d__Bacteria;p__Campylobacterota;c__Campylobacteria;o__Campylobacterales;f__Sulfurospirillaceae;g__Sulfurospirillum_A;s__Sulfurospirillum_A arcachonense	True	type strain of species
GCF_001190745.1	Campylobacter gracilis	d__Bacteria;p__Campylobacterota;c__Epsilonproteobacteria;o__Campylobacterales;f__Campylobacteraceae;g__Campylobacter;s__Campylobacter gracilis	d__Bacteria;p__Campylobacterota;c__Campylobacteria;o__Campylobacterales;f__Campylobacteraceae;g__Campylobacter_B;s__Campylobacter_B gracilis	True	type strain of species
GCF_000736415.1	Campylobacter iguaniorum	d__Bacteria;p__Campylobacterota;c__Epsilonproteobacteria;o__Campylobacterales;f__Campylobacteraceae;g__Campylobacter;s__Campylobacter iguaniorum	d__Bacteria;p__Campylobacterota;c__Campylobacteria;o__Campylobacterales;f__Campylobacteraceae;g__Campylobacter;s__Campylobacter iguaniorum	True	type strain of species
GCF_000518225.1	Helicobacter pametensis ATCC 51478	d__Bacteria;p__Campylobacterota;c__Epsilonproteobacteria;o__Campylobacterales;f__Helicobacteraceae;g__Helicobacter;s__Helicobacter pametensis	d__Bacteria;p__Campylobacterota;c__Campylobacteria;o__Campylobacterales;f__Helicobacteraceae;g__Helicobacter_G;s__Helicobacter_G pametensis	True	type strain of species
GCF_000445475.1	Sulfurimonas hongkongensis	d__Bacteria;p__Campylobacterota;c__Epsilonproteobacteria;o__Campylobacterales;f__Sulfurimonadaceae;g__Sulfurimonas;s__Sulfurimonas hongkongensis	d__Bacteria;p__Campylobacterota;c__Campylobacteria;o__Campylobacterales;f__Sulfurimonadaceae;g__Sulfurimonas;s__Sulfurimonas hongkongensis	True	type strain of species
GCF_000744435.1	Hippea jasoniae	d__Bacteria;p__Campylobacterota;c__Desulfurellia;o__Desulfurellales;f__Hippeaceae;g__Hippea;s__Hippea jasoniae	d__Bacteria;p__Campylobacterota;c__Desulfurellia;o__Desulfurellales;f__Hippeaceae;g__Hippea;s__Hippea jasoniae	True	type strain of species
GCF_001283065.1	Helicobacter heilmannii	d__Bacteria;p__Campylobacterota;c__Epsilonproteobacteria;o__Campylobacterales;f__Helicobacteraceae;g__Helicobacter;s__Helicobacter heilmannii	d__Bacteria;p__Campylobacterota;c__Campylobacteria;o__Campylobacterales;f__Helicobacteraceae;g__Helicobacter_E;s__Helicobacter_E heilmannii	True	type strain of species
GCF_000816185.1	Campylobacter insulaenigrae NCTC 12927	d__Bacteria;p__Campylobacterota;c__Epsilonproteobacteria;o__Campylobacterales;f__Campylobacteraceae;g__Campylobacter;s__Campylobacter insulaenigrae	d__Bacteria;p__Campylobacterota;c__Campylobacteria;o__Campylobacterales;f__Campylobacteraceae;g__Campylobacter_D;s__Campylobacter_D insulaenigrae	True	type strain of species
GCF_000265295.1	Sulfurospirillum barnesii SES-3	d__Bacteria;p__Campylobacterota;c__Epsilonproteobacteria;o__Campylobacterales;f__Sulfurospirillaceae;g__Sulfurospirillum;s__Sulfurospirillum barnesii	d__Bacteria;p__Campylobacterota;c__Campylobacteria;o__Campylobacterales;f__Sulfurospirillaceae;g__Sulfurospirillum;s__Sulfurospirillum barnesii	True	type strain of species
GCF_000196135.1	Wolinella succinogenes DSM 1740	d__Bacteria;p__Campylobacterota;c__Epsilonproteobacteria;o__Campylobacterales;f__Helicobacteraceae;g__Wolinella;s__Wolinella succinogenes	d__Bacteria;p__Campylobacterota;c__Campylobacteria;o__Campylobacterales;f__Helicobacteraceae;g__Wolinella;s__Wolinella succinogenes	True	type strain of species
GCF_000200595.1	Helicobacter felis ATCC 49179	d__Bacteria;p__Campylobacterota;c__Epsilonproteobacteria;o__Campylobacterales;f__Helicobacteraceae;g__Helicobacter;s__Helicobacter felis	d__Bacteria;p__Campylobacterota;c__Campylobacteria;o__Campylobacterales;f__Helicobacteraceae;g__Helicobacter_E;s__Helicobacter_E felis	True	type strain of species
GCF_000816785.1	Campylobacter peloridis LMG 23910	d__Bacteria;p__Campylobacterota;c__Epsilonproteobacteria;o__Campylobacterales;f__Campylobacteraceae;g__Campylobacter;s__Campylobacter peloridis	d__Bacteria;p__Campylobacterota;c__Campylobacteria;o__Campylobacterales;f__Campylobacteraceae;g__Campylobacter_D;s__Campylobacter_D peloridis	True	type strain of species
GCF_000186245.1	Nitratifractor salsuginis DSM 16511	d__Bacteria;p__Campylobacterota;c__Epsilonproteobacteria;o__Campylobacterales;f__Sulfurovaceae;g__Nitratifractor;s__Nitratifractor salsuginis	d__Bacteria;p__Campylobacterota;c__Campylobacteria;o__Campylobacterales;f__Sulfurovaceae;g__Nitratifractor;s__Nitratifractor salsuginis	True	type strain of species
GCF_000765905.2	Helicobacter trogontum	d__Bacteria;p__Campylobacterota;c__Epsilonproteobacteria;o__Campylobacterales;f__Helicobacteraceae;g__Helicobacter;s__Helicobacter trogontum	d__Bacteria;p__Campylobacterota;c__Campylobacteria;o__Campylobacterales;f__Helicobacteraceae;g__Helicobacter_A;s__Helicobacter_A trogontum	True	type strain of species
GCF_000686565.1	Helicobacter bilis ATCC 51630	d__Bacteria;p__Campylobacterota;c__Epsilonproteobacteria;o__Campylobacterales;f__Helicobacteraceae;g__Helicobacter;s__Helicobacter bilis	d__Bacteria;p__Campylobacterota;c__Campylobacteria;o__Campylobacterales;f__Helicobacteraceae;g__Helicobacter_A;s__Helicobacter_A bilis	True	type strain of species
GCF_000242915.1	Sulfurimonas gotlandica GD1	d__Bacteria;p__Campylobacterota;c__Epsilonproteobacteria;o__Campylobacterales;f__Sulfurimonadaceae;g__Sulfurimonas;s__Sulfurimonas gotlandica	d__Bacteria;p__Campylobacterota;c__Campylobacteria;o__Campylobacterales;f__Sulfurimonadaceae;g__Sulfurimonas;s__Sulfurimonas gotlandica	True	type strain of species
GCF_000012965.1	Sulfurimonas denitrificans DSM 1251	d__Bacteria;p__Campylobacterota;c__Epsilonproteobacteria;o__Campylobacterales;f__Sulfurimonadaceae;g__Sulfurimonas;s__Sulfurimonas denitrificans	d__Bacteria;p__Campylobacterota;c__Campylobacteria;o__Campylobacterales;f__Sulfurimonadaceae;g__Sulfurimonas;s__Sulfurimonas denitrificans	True	type strain of species
GCF_000763135.2	Helicobacter jaachi	d__Bacteria;p__Campylobacterota;c__Epsilonproteobacteria;o__Campylobacterales;f__Helicobacteraceae;g__Helicobacter;s__Helicobacter jaachi	d__Bacteria;p__Campylobacterota;c__Campylobacteria;o__Campylobacterales;f__Helicobacteraceae;g__Helicobacter_C;s__Helicobacter_C jaachi	True	type strain of species
GCF_000254135.1	Campylobacter coli LMG 9860	d__Bacteria;p__Campylobacterota;c__Epsilonproteobacteria;o__Campylobacterales;f__Campylobacteraceae;g__Campylobacter;s__Campylobacter coli	d__Bacteria;p__Campylobacterota;c__Campylobacteria;o__Campylobacterales;f__Campylobacteraceae;g__Campylobacter_D;s__Campylobacter_D coli	True	type strain of species
GCF_000194135.1	Hippea maritima DSM 10411	d__Bacteria;p__Campylobacterota;c__Desulfurellia;o__Desulfurellales;f__Hippeaceae;g__Hippea;s__Hippea maritima	d__Bacteria;p__Campylobacterota;c__Desulfurellia;o__Desulfurellales;f__Hippeaceae;g__Hippea;s__Hippea maritima	True	type strain of species
GCF_001457695.1	Campylobacter jejuni	d__Bacteria;p__Campylobacterota;c__Epsilonproteobacteria;o__Campylobacterales;f__Campylobacteraceae;g__Campylobacter;s__Campylobacter jejuni	d__Bacteria;p__Campylobacterota;c__Campylobacteria;o__Campylobacterales;f__Campylobacteraceae;g__Campylobacter_D;s__Campylobacter_D jejuni	True	type strain of species
GCF_001693335.1	Helicobacter enhydrae	d__Bacteria;p__Campylobacterota;c__Epsilonproteobacteria;o__Campylobacterales;f__Helicobacteraceae;g__Helicobacter;s__Helicobacter enhydrae	d__Bacteria;p__Campylobacterota;c__Campylobacteria;o__Campylobacterales;f__Helicobacteraceae;g__Helicobacter_G;s__Helicobacter_G enhydrae	True	type strain of species
GCF_001595645.1	Sulfurovum riftiae	d__Bacteria;p__Campylobacterota;c__Epsilonproteobacteria;o__Campylobacterales;f__Sulfurovaceae;g__Sulfurovum;s__Sulfurovum riftiae	d__Bacteria;p__Campylobacterota;c__Campylobacteria;o__Campylobacterales;f__Sulfurovaceae;g__Sulfurovum;s__Sulfurovum riftiae	True	type strain of species
GCF_001602095.1	Helicobacter himalayensis	d__Bacteria;p__Campylobacterota;c__Epsilonproteobacteria;o__Campylobacterales;f__Helicobacteraceae;g__Helicobacter;s__Helicobacter himalayensis	d__Bacteria;p__Campylobacterota;c__Campylobacteria;o__Campylobacterales;f__Helicobacteraceae;g__Helicobacter_F;s__Helicobacter_F himalayensis	True	type strain of species
GCF_001723605.1	Sulfurospirillum halorespirans DSM 13726	d__Bacteria;p__Campylobacterota;c__Epsilonproteobacteria;o__Campylobacterales;f__Sulfurospirillaceae;g__Sulfurospirillum;s__Sulfurospirillum halorespirans	d__Bacteria;p__Campylobacterota;c__Campylobacteria;o__Campylobacterales;f__Sulfurospirillaceae;g__Sulfurospirillum;s__Sulfurospirillum halorespirans	True	type strain of species
GCF_001687475.2	Campylobacter hepaticus	d__Bacteria;p__Campylobacterota;c__Epsilonproteobacteria;o__Campylobacterales;f__Campylobacteraceae;g__Campylobacter;s__Campylobacter hepaticus	d__Bacteria;p__Campylobacterota;c__Campylobacteria;o__Campylobacterales;f__Campylobacteraceae;g__Campylobacter_D;s__Campylobacter_D hepaticus	True	type strain of species
GCF_002139855.1	Campylobacter porcelli	d__Bacteria;p__Campylobacterota;c__Epsilonproteobacteria;o__Campylobacterales;f__Campylobacteraceae;g__Campylobacter;s__Campylobacter porcelli	d__Bacteria;p__Campylobacterota;c__Campylobacteria;o__Campylobacterales;f__Campylobacteraceae;g__Campylobacter;s__Campylobacter porcelli	True	type strain of species
GCF_002021925.1	Campylobacter pinnipediorum subsp. pinnipediorum	d__Bacteria;p__Campylobacterota;c__Epsilonproteobacteria;o__Campylobacterales;f__Campylobacteraceae;g__Campylobacter;s__Campylobacter pinnipediorum	d__Bacteria;p__Campylobacterota;c__Campylobacteria;o__Campylobacterales;f__Campylobacteraceae;g__Campylobacter_A;s__Campylobacter_A pinnipediorum	True	type strain of species
GCF_002080395.1	Campylobacter helveticus	d__Bacteria;p__Campylobacterota;c__Epsilonproteobacteria;o__Campylobacterales;f__Campylobacteraceae;g__Campylobacter;s__Campylobacter helveticus	d__Bacteria;p__Campylobacterota;c__Campylobacteria;o__Campylobacterales;f__Campylobacteraceae;g__Campylobacter_D;s__Campylobacter_D helveticus	True	type strain of species
GCF_001956695.1	Poseidonibacter parvus	d__Bacteria;p__Campylobacterota;c__Epsilonproteobacteria;o__Campylobacterales;f__Arcobacteraceae;g__Poseidonibacter;s__Poseidonibacter parvus	d__Bacteria;p__Campylobacterota;c__Campylobacteria;o__Campylobacterales;f__Arcobacteraceae;g__Poseidonibacter;s__Poseidonibacter parvus	True	type strain of species
GCF_002139875.1	Campylobacter vicugnae	d__Bacteria;p__Campylobacterota;c__Epsilonproteobacteria;o__Campylobacterales;f__Campylobacteraceae;g__Campylobacter;s__Campylobacter vicugnae	d__Bacteria;p__Campylobacterota;c__Campylobacteria;o__Campylobacterales;f__Campylobacteraceae;g__Campylobacter;s__Campylobacter vicugnae	True	type strain of species
GCF_002139915.1	Campylobacter devanensis	d__Bacteria;p__Campylobacterota;c__Epsilonproteobacteria;o__Campylobacterales;f__Campylobacteraceae;g__Campylobacter;s__Campylobacter devanensis	d__Bacteria;p__Campylobacterota;c__Campylobacteria;o__Campylobacterales;f__Campylobacteraceae;g__Campylobacter;s__Campylobacter devanensis	True	type strain of species
GCF_002104335.1	Campylobacter cuniculorum DSM 23162 = LMG 24588	d__Bacteria;p__Campylobacterota;c__Epsilonproteobacteria;o__Campylobacterales;f__Campylobacteraceae;g__Campylobacter;s__Campylobacter cuniculorum	d__Bacteria;p__Campylobacterota;c__Campylobacteria;o__Campylobacterales;f__Campylobacteraceae;g__Campylobacter_D;s__Campylobacter_D cuniculorum	True	type strain of species
GCF_002119425.1	Desulfurella amilsii	d__Bacteria;p__Campylobacterota;c__Desulfurellia;o__Desulfurellales;f__Desulfurellaceae;g__Desulfurella;s__Desulfurella amilsii	d__Bacteria;p__Campylobacterota;c__Desulfurellia;o__Desulfurellales;f__Desulfurellaceae;g__Desulfurella;s__Desulfurella amilsii	True	type strain of species
GCF_900187115.1	Aliarcobacter butzleri	d__Bacteria;p__Campylobacterota;c__Epsilonproteobacteria;o__Campylobacterales;f__Arcobacteraceae;g__Aliarcobacter;s__Aliarcobacter butzleri	d__Bacteria;p__Campylobacterota;c__Campylobacteria;o__Campylobacterales;f__Arcobacteraceae;g__Aliarcobacter;s__Aliarcobacter butzleri	True	type strain of species
GCF_002139935.1	Campylobacter lanienae NCTC 13004	d__Bacteria;p__Campylobacterota;c__Epsilonproteobacteria;o__Campylobacterales;f__Campylobacteraceae;g__Campylobacter;s__Campylobacter lanienae	d__Bacteria;p__Campylobacterota;c__Campylobacteria;o__Campylobacterales;f__Campylobacteraceae;g__Campylobacter;s__Campylobacter lanienae	True	type strain of species
GCF_002335445.1	Lebetimonas natsushimae	d__Bacteria;p__Campylobacterota;c__Epsilonproteobacteria;o__Nautiliales;f__Nautiliaceae;g__Lebetimonas;s__Lebetimonas natsushimae	d__Bacteria;p__Campylobacterota;c__Campylobacteria;o__Nautiliales;f__Nautiliaceae;g__Lebetimonas;s__Lebetimonas natsushimae	True	type strain of species
GCF_002238335.1	Campylobacter avium LMG 24591	d__Bacteria;p__Campylobacterota;c__Epsilonproteobacteria;o__Campylobacterales;f__Campylobacteraceae;g__Campylobacter;s__Campylobacter avium	d__Bacteria;p__Campylobacterota;c__Campylobacteria;o__Campylobacterales;f__Campylobacteraceae;g__Campylobacter_D;s__Campylobacter_D avium	True	type strain of species
GCF_002837275.1	Malaciobacter halophilus	d__Bacteria;p__Campylobacterota;c__Epsilonproteobacteria;o__Campylobacterales;f__Arcobacteraceae;g__Malaciobacter;s__Malaciobacter halophilus	d__Bacteria;p__Campylobacterota;c__Campylobacteria;o__Campylobacterales;f__Arcobacteraceae;g__Malaciobacter;s__Malaciobacter halophilus	True	type strain of species
GCF_900115615.1	Hydrogenimonas thermophila	d__Bacteria;p__Campylobacterota;c__Epsilonproteobacteria;o__Campylobacterales;f__Hydrogenimonadaceae;g__Hydrogenimonas;s__Hydrogenimonas thermophila	d__Bacteria;p__Campylobacterota;c__Campylobacteria;o__Campylobacterales;f__Hydrogenimonadaceae;g__Hydrogenimonas;s__Hydrogenimonas thermophila	True	type strain of species
GCF_900478295.1	Helicobacter pylori NCTC 11637 = CCUG 17874 = ATCC 43504 = JCM 12093	d__Bacteria;p__Campylobacterota;c__Epsilonproteobacteria;o__Campylobacterales;f__Helicobacteraceae;g__Helicobacter;s__Helicobacter pylori	d__Bacteria;p__Campylobacterota;c__Campylobacteria;o__Campylobacterales;f__Helicobacteraceae;g__Helicobacter;s__Helicobacter pylori	True	type strain of species
GCF_003245365.1	Helicobacter valdiviensis	d__Bacteria;p__Campylobacterota;c__Epsilonproteobacteria;o__Campylobacterales;f__Helicobacteraceae;g__Helicobacter;s__Helicobacter valdiviensis	d__Bacteria;p__Campylobacterota;c__Campylobacteria;o__Campylobacterales;f__Helicobacteraceae;g__Helicobacter_D;s__Helicobacter_D valdiviensis	True	type strain of species
GCF_003063245.1	Arcobacter caeni	d__Bacteria;p__Campylobacterota;c__Epsilonproteobacteria;o__Campylobacterales;f__Arcobacteraceae;g__Arcobacter;s__Arcobacter caeni	d__Bacteria;p__Campylobacterota;c__Campylobacteria;o__Campylobacterales;f__Arcobacteraceae;g__Aliarcobacter;s__Aliarcobacter caeni	True	type strain of species
GCF_003063295.1	Arcobacter lacus	d__Bacteria;p__Campylobacterota;c__Epsilonproteobacteria;o__Campylobacterales;f__Arcobacteraceae;g__Arcobacter;s__Arcobacter lacus	d__Bacteria;p__Campylobacterota;c__Campylobacteria;o__Campylobacterales;f__Arcobacteraceae;g__Aliarcobacter;s__Aliarcobacter lacus	True	type strain of species
GCF_900476215.1	Helicobacter mustelae	d__Bacteria;p__Campylobacterota;c__Epsilonproteobacteria;o__Campylobacterales;f__Helicobacteraceae;g__Helicobacter;s__Helicobacter mustelae	d__Bacteria;p__Campylobacterota;c__Campylobacteria;o__Campylobacterales;f__Helicobacteraceae;g__Helicobacter_H;s__Helicobacter_H mustelae	True	type strain of species
GCF_900475935.1	Campylobacter fetus subsp. fetus	d__Bacteria;p__Campylobacterota;c__Epsilonproteobacteria;o__Campylobacterales;f__Campylobacteraceae;g__Campylobacter;s__Campylobacter fetus	d__Bacteria;p__Campylobacterota;c__Campylobacteria;o__Campylobacterales;f__Campylobacteraceae;g__Campylobacter;s__Campylobacter fetus	True	type strain of species
GCF_003355515.1	Aliarcobacter trophiarum LMG 25534	d__Bacteria;p__Campylobacterota;c__Epsilonproteobacteria;o__Campylobacterales;f__Arcobacteraceae;g__Aliarcobacter;s__Aliarcobacter trophiarum	d__Bacteria;p__Campylobacterota;c__Campylobacteria;o__Campylobacterales;f__Arcobacteraceae;g__Aliarcobacter;s__Aliarcobacter trophiarum	True	type strain of species
GCF_003346775.1	Malaciobacter mytili LMG 24559	d__Bacteria;p__Campylobacterota;c__Epsilonproteobacteria;o__Campylobacterales;f__Arcobacteraceae;g__Malaciobacter;s__Malaciobacter mytili	d__Bacteria;p__Campylobacterota;c__Campylobacteria;o__Campylobacterales;f__Arcobacteraceae;g__Malaciobacter;s__Malaciobacter mytili	True	type strain of species
GCF_003346815.1	Halarcobacter bivalviorum	d__Bacteria;p__Campylobacterota;c__Epsilonproteobacteria;o__Campylobacterales;f__Arcobacteraceae;g__Halarcobacter;s__Halarcobacter bivalviorum	d__Bacteria;p__Campylobacterota;c__Campylobacteria;o__Campylobacterales;f__Arcobacteraceae;g__Halarcobacter;s__Halarcobacter bivalviorum	True	type strain of species
GCF_003660285.1	Helicobacter labacensis	d__Bacteria;p__Campylobacterota;c__Epsilonproteobacteria;o__Campylobacterales;f__Helicobacteraceae;g__Helicobacter;s__Helicobacter labacensis	d__Bacteria;p__Campylobacterota;c__Campylobacteria;o__Campylobacterales;f__Helicobacteraceae;g__Helicobacter_E;s__Helicobacter_E labacensis	True	type strain of species
GCF_003660395.1	Helicobacter vulpis	d__Bacteria;p__Campylobacterota;c__Epsilonproteobacteria;o__Campylobacterales;f__Helicobacteraceae;g__Helicobacter;s__Helicobacter vulpis	d__Bacteria;p__Campylobacterota;c__Campylobacteria;o__Campylobacterales;f__Helicobacteraceae;g__Helicobacter_E;s__Helicobacter_E vulpis	True	type strain of species
GCF_003660265.1	Helicobacter mehlei	d__Bacteria;p__Campylobacterota;c__Epsilonproteobacteria;o__Campylobacterales;f__Helicobacteraceae;g__Helicobacter;s__Helicobacter mehlei	d__Bacteria;p__Campylobacterota;c__Campylobacteria;o__Campylobacterales;f__Helicobacteraceae;g__Helicobacter_E;s__Helicobacter_E mehlei	True	type strain of species
GCF_003660105.1	Aliarcobacter cryaerophilus ATCC 43158	d__Bacteria;p__Campylobacterota;c__Epsilonproteobacteria;o__Campylobacterales;f__Arcobacteraceae;g__Aliarcobacter;s__Aliarcobacter cryaerophilus	d__Bacteria;p__Campylobacterota;c__Campylobacteria;o__Campylobacterales;f__Arcobacteraceae;g__Aliarcobacter;s__Aliarcobacter cryaerophilus	True	type strain of species
GCF_003752135.1	Caminibacter pacificus	d__Bacteria;p__Campylobacterota;c__Epsilonproteobacteria;o__Nautiliales;f__Nautiliaceae;g__Caminibacter;s__Caminibacter pacificus	d__Bacteria;p__Campylobacterota;c__Campylobacteria;o__Nautiliales;f__Nautiliaceae;g__Caminibacter;s__Caminibacter pacificus	True	type strain of species
GCF_003667345.1	Poseidonibacter antarcticus	d__Bacteria;p__Campylobacterota;c__Epsilonproteobacteria;o__Campylobacterales;f__Arcobacteraceae;g__Poseidonibacter;s__Poseidonibacter antarcticus	d__Bacteria;p__Campylobacterota;c__Campylobacteria;o__Campylobacterales;f__Arcobacteraceae;g__Poseidonibacter;s__Poseidonibacter antarcticus	True	type strain of species
GCF_003544815.1	Arcobacter suis CECT 7833	d__Bacteria;p__Campylobacterota;c__Epsilonproteobacteria;o__Campylobacterales;f__Arcobacteraceae;g__Arcobacter;s__Arcobacter suis	d__Bacteria;p__Campylobacterota;c__Campylobacteria;o__Campylobacterales;f__Arcobacteraceae;g__Aliarcobacter;s__Aliarcobacter suis	True	type strain of species
GCF_003544935.1	Malaciobacter molluscorum LMG 25693	d__Bacteria;p__Campylobacterota;c__Epsilonproteobacteria;o__Campylobacterales;f__Arcobacteraceae;g__Malaciobacter;s__Malaciobacter molluscorum	d__Bacteria;p__Campylobacterota;c__Campylobacteria;o__Campylobacterales;f__Arcobacteraceae;g__Malaciobacter;s__Malaciobacter molluscorum	True	type strain of species
GCF_003544855.1	Malaciobacter marinus	d__Bacteria;p__Campylobacterota;c__Epsilonproteobacteria;o__Campylobacterales;f__Arcobacteraceae;g__Malaciobacter;s__Malaciobacter marinus	d__Bacteria;p__Campylobacterota;c__Campylobacteria;o__Campylobacterales;f__Arcobacteraceae;g__Malaciobacter;s__Malaciobacter marinus	True	type strain of species
GCF_003544835.1	Aliarcobacter skirrowii CCUG 10374	d__Bacteria;p__Campylobacterota;c__Epsilonproteobacteria;o__Campylobacterales;f__Arcobacteraceae;g__Aliarcobacter;s__Aliarcobacter skirrowii	d__Bacteria;p__Campylobacterota;c__Campylobacteria;o__Campylobacterales;f__Arcobacteraceae;g__Aliarcobacter;s__Aliarcobacter skirrowii	True	type strain of species
GCF_003544915.1	Arcobacter ellisii	d__Bacteria;p__Campylobacterota;c__Epsilonproteobacteria;o__Campylobacterales;f__Arcobacteraceae;g__Arcobacter;s__Arcobacter ellisii	d__Bacteria;p__Campylobacterota;c__Campylobacteria;o__Campylobacterales;f__Arcobacteraceae;g__Aliarcobacter;s__Aliarcobacter ellisii	True	type strain of species
GCF_003364335.1	Helicobacter anseris	d__Bacteria;p__Campylobacterota;c__Epsilonproteobacteria;o__Campylobacterales;f__Helicobacteraceae;g__Helicobacter;s__Helicobacter anseris	d__Bacteria;p__Campylobacterota;c__Campylobacteria;o__Campylobacterales;f__Helicobacteraceae;g__Helicobacter_H;s__Helicobacter_H anseris	True	type strain of species
GCF_003364195.1	Helicobacter didelphidarum	d__Bacteria;p__Campylobacterota;c__Epsilonproteobacteria;o__Campylobacterales;f__Helicobacteraceae;g__Helicobacter;s__Helicobacter didelphidarum	d__Bacteria;p__Campylobacterota;c__Campylobacteria;o__Campylobacterales;f__Helicobacteraceae;g__Helicobacter_A;s__Helicobacter_A didelphidarum	True	type strain of species
GCF_003670275.1	Helicobacter labetoulli	d__Bacteria;p__Campylobacterota;c__Epsilonproteobacteria;o__Campylobacterales;f__Helicobacteraceae;g__Helicobacter;s__Helicobacter labetoulli	d__Bacteria;p__Campylobacterota;c__Campylobacteria;o__Campylobacterales;f__Helicobacteraceae;g__Helicobacter_C;s__Helicobacter_C labetoulli	True	type strain of species
GCF_003364205.1	Helicobacter brantae	d__Bacteria;p__Campylobacterota;c__Epsilonproteobacteria;o__Campylobacterales;f__Helicobacteraceae;g__Helicobacter;s__Helicobacter brantae	d__Bacteria;p__Campylobacterota;c__Campylobacteria;o__Campylobacterales;f__Helicobacteraceae;g__Helicobacter_G;s__Helicobacter_G brantae	True	type strain of species
GCF_003364215.1	Helicobacter cholecystus	d__Bacteria;p__Campylobacterota;c__Epsilonproteobacteria;o__Campylobacterales;f__Helicobacteraceae;g__Helicobacter;s__Helicobacter cholecystus	d__Bacteria;p__Campylobacterota;c__Campylobacteria;o__Campylobacterales;f__Helicobacteraceae;g__Helicobacter_G;s__Helicobacter_G cholecystus	True	type strain of species
GCF_003364255.1	Helicobacter marmotae	d__Bacteria;p__Campylobacterota;c__Epsilonproteobacteria;o__Campylobacterales;f__Helicobacteraceae;g__Helicobacter;s__Helicobacter marmotae	d__Bacteria;p__Campylobacterota;c__Campylobacteria;o__Campylobacterales;f__Helicobacteraceae;g__Helicobacter_C;s__Helicobacter_C marmotae	True	type strain of species
GCF_900461455.1	Helicobacter acinonychis	d__Bacteria;p__Campylobacterota;c__Epsilonproteobacteria;o__Campylobacterales;f__Helicobacteraceae;g__Helicobacter;s__Helicobacter acinonychis	d__Bacteria;p__Campylobacterota;c__Campylobacteria;o__Campylobacterales;f__Helicobacteraceae;g__Helicobacter;s__Helicobacter acinonychis	True	type strain of species
GCF_900637395.1	Campylobacter upsaliensis	d__Bacteria;p__Campylobacterota;c__Epsilonproteobacteria;o__Campylobacterales;f__Campylobacteraceae;g__Campylobacter;s__Campylobacter upsaliensis	d__Bacteria;p__Campylobacterota;c__Campylobacteria;o__Campylobacterales;f__Campylobacteraceae;g__Campylobacter_D;s__Campylobacter_D upsaliensis	True	type strain of species
GCF_004323845.1	Campylobacter novaezeelandiae	d__Bacteria;p__Campylobacterota;c__Epsilonproteobacteria;o__Campylobacterales;f__Campylobacteraceae;g__Campylobacter;s__Campylobacter novaezeelandiae	d__Bacteria;p__Campylobacterota;c__Campylobacteria;o__Campylobacterales;f__Campylobacteraceae;g__Campylobacter_D;s__Campylobacter_D novaezeelandiae	True	type strain of species
GCF_004299785.2	Arcobacter porcinus	d__Bacteria;p__Campylobacterota;c__Epsilonproteobacteria;o__Campylobacterales;f__Arcobacteraceae;g__Arcobacter;s__Arcobacter porcinus	d__Bacteria;p__Campylobacterota;c__Campylobacteria;o__Campylobacterales;f__Arcobacteraceae;g__Aliarcobacter;s__Aliarcobacter porcinus	True	type strain of species
GCF_004214795.1	Malaciobacter pacificus	d__Bacteria;p__Campylobacterota;c__Epsilonproteobacteria;o__Campylobacterales;f__Arcobacteraceae;g__Malaciobacter;s__Malaciobacter pacificus	d__Bacteria;p__Campylobacterota;c__Campylobacteria;o__Campylobacterales;f__Arcobacteraceae;g__Malaciobacter_A;s__Malaciobacter_A pacificus	True	type strain of species
GCF_004214815.1	Aliarcobacter thereius LMG 24486	d__Bacteria;p__Campylobacterota;c__Epsilonproteobacteria;o__Campylobacterales;f__Arcobacteraceae;g__Aliarcobacter;s__Aliarcobacter thereius	d__Bacteria;p__Campylobacterota;c__Campylobacteria;o__Campylobacterales;f__Arcobacteraceae;g__Aliarcobacter;s__Aliarcobacter thereius	True	type strain of species
GCF_005217605.1	Sulfurimonas crateris	d__Bacteria;p__Campylobacterota;c__Epsilonproteobacteria;o__Campylobacterales;f__Sulfurimonadaceae;g__Sulfurimonas;s__Sulfurimonas crateris	d__Bacteria;p__Campylobacterota;c__Campylobacteria;o__Campylobacterales;f__Sulfurimonadaceae;g__Sulfurimonas;s__Sulfurimonas crateris	True	type strain of species
GCF_005406215.1	Campylobacter aviculae	d__Bacteria;p__Campylobacterota;c__Epsilonproteobacteria;o__Campylobacterales;f__Campylobacteraceae;g__Campylobacter;s__Campylobacter aviculae	d__Bacteria;p__Campylobacterota;c__Campylobacteria;o__Campylobacterales;f__Campylobacteraceae;g__Campylobacter_D;s__Campylobacter_D aviculae	True	type strain of species
GCF_005406225.1	Campylobacter taeniopygiae	d__Bacteria;p__Campylobacterota;c__Epsilonproteobacteria;o__Campylobacterales;f__Campylobacteraceae;g__Campylobacter;s__Campylobacter taeniopygiae	d__Bacteria;p__Campylobacterota;c__Campylobacteria;o__Campylobacterales;f__Campylobacteraceae;g__Campylobacter_D;s__Campylobacter_D taeniopygiae	True	type strain of species
GCF_005771535.1	Arcobacter arenosus	d__Bacteria;p__Campylobacterota;c__Epsilonproteobacteria;o__Campylobacterales;f__Arcobacteraceae;g__Arcobacter;s__Arcobacter arenosus	d__Bacteria;p__Campylobacterota;c__Campylobacteria;o__Campylobacterales;f__Arcobacteraceae;g__Halarcobacter;s__Halarcobacter arenosus	True	type strain of species
GCF_005843985.1	Caminibacter mediatlanticus TB-2	d__Bacteria;p__Campylobacterota;c__Epsilonproteobacteria;o__Nautiliales;f__Nautiliaceae;g__Caminibacter;s__Caminibacter mediatlanticus	d__Bacteria;p__Campylobacterota;c__Campylobacteria;o__Nautiliales;f__Nautiliaceae;g__Caminibacter;s__Caminibacter mediatlanticus	True	type strain of species
GCF_006864425.1	Campylobacter troglodytis	d__Bacteria;p__Campylobacterota;c__Epsilonproteobacteria;o__Campylobacterales;f__Campylobacteraceae;g__Campylobacter;s__Campylobacter troglodytis	d__Bacteria;p__Campylobacterota;c__Campylobacteria;o__Campylobacterales;f__Campylobacteraceae;g__Campylobacter_D;s__Campylobacter_D troglodytis	True	type strain of species
GCF_006459125.1	Halarcobacter anaerophilus	d__Bacteria;p__Campylobacterota;c__Epsilonproteobacteria;o__Campylobacterales;f__Arcobacteraceae;g__Halarcobacter;s__Halarcobacter anaerophilus	d__Bacteria;p__Campylobacterota;c__Campylobacteria;o__Campylobacterales;f__Arcobacteraceae;g__Halarcobacter;s__Halarcobacter anaerophilus	True	type strain of species
GCF_008245005.1	Campylobacter sputorum subsp. sputorum	d__Bacteria;p__Campylobacterota;c__Epsilonproteobacteria;o__Campylobacterales;f__Campylobacteraceae;g__Campylobacter;s__Campylobacter sputorum	d__Bacteria;p__Campylobacterota;c__Campylobacteria;o__Campylobacterales;f__Campylobacteraceae;g__Campylobacter_F;s__Campylobacter_F sputorum	True	type strain of species
GCF_009192995.1	Sulfurimonas indica	d__Bacteria;p__Campylobacterota;c__Epsilonproteobacteria;o__Campylobacterales;f__Sulfurimonadaceae;g__Sulfurimonas;s__Sulfurimonas indica	d__Bacteria;p__Campylobacterota;c__Campylobacteria;o__Campylobacterales;f__Sulfurimonadaceae;g__Sulfurimonas;s__Sulfurimonas indica	True	type strain of species
GCF_008245045.1	Campylobacter volucris	d__Bacteria;p__Campylobacterota;c__Epsilonproteobacteria;o__Campylobacterales;f__Campylobacteraceae;g__Campylobacter;s__Campylobacter volucris	d__Bacteria;p__Campylobacterota;c__Campylobacteria;o__Campylobacterales;f__Campylobacteraceae;g__Campylobacter_D;s__Campylobacter_D volucris	True	type strain of species
GCF_009690845.1	Campylobacter portucalensis	d__Bacteria;p__Campylobacterota;c__Epsilonproteobacteria;o__Campylobacterales;f__Campylobacteraceae;g__Campylobacter;s__Campylobacter portucalensis	d__Bacteria;p__Campylobacterota;c__Campylobacteria;o__Campylobacterales;f__Campylobacteraceae;g__Campylobacter_B;s__Campylobacter_B portucalensis	True	type strain of species
GCF_008693005.1	Helicobacter canis	d__Bacteria;p__Campylobacterota;c__Epsilonproteobacteria;o__Campylobacterales;f__Helicobacteraceae;g__Helicobacter;s__Helicobacter canis	d__Bacteria;p__Campylobacterota;c__Campylobacteria;o__Campylobacterales;f__Helicobacteraceae;g__Helicobacter_B;s__Helicobacter_B canis	True	type strain of species
GCF_009258225.1	Sulfurimonas lithotrophica	d__Bacteria;p__Campylobacterota;c__Epsilonproteobacteria;o__Campylobacterales;f__Sulfurimonadaceae;g__Sulfurimonas;s__Sulfurimonas lithotrophica	d__Bacteria;p__Campylobacterota;c__Campylobacteria;o__Campylobacterales;f__Sulfurimonadaceae;g__Sulfurimonas;s__Sulfurimonas lithotrophica	True	type strain of species
GCF_000987835.1	Sulfurovum lithotrophicum	d__Bacteria;p__Campylobacterota;c__Epsilonproteobacteria;o__Campylobacterales;f__Sulfurovaceae;g__Sulfurovum;s__Sulfurovum lithotrophicum	d__Bacteria;p__Campylobacterota;c__Campylobacteria;o__Campylobacterales;f__Sulfurovaceae;g__Sulfurovum;s__Sulfurovum lithotrophicum	True	type strain of species
GCF_009068765.1	Sulfurimonas hydrogeniphila	d__Bacteria;p__Campylobacterota;c__Epsilonproteobacteria;o__Campylobacterales;f__Sulfurimonadaceae;g__Sulfurimonas;s__Sulfurimonas hydrogeniphila	d__Bacteria;p__Campylobacterota;c__Campylobacteria;o__Campylobacterales;f__Sulfurimonadaceae;g__Sulfurimonas;s__Sulfurimonas hydrogeniphila	True	type strain of species
GCF_009258045.1	Sulfurimonas xiamenensis	d__Bacteria;p__Campylobacterota;c__Epsilonproteobacteria;o__Campylobacterales;f__Sulfurimonadaceae;g__Sulfurimonas;s__Sulfurimonas xiamenensis	d__Bacteria;p__Campylobacterota;c__Campylobacteria;o__Campylobacterales;f__Sulfurimonadaceae;g__Sulfurimonas;s__Sulfurimonas xiamenensis	True	type strain of species
GCF_013177635.1	Arcobacter aquimarinus	d__Bacteria;p__Campylobacterota;c__Epsilonproteobacteria;o__Campylobacterales;f__Arcobacteraceae;g__Arcobacter;s__Arcobacter aquimarinus	d__Bacteria;p__Campylobacterota;c__Campylobacteria;o__Campylobacterales;f__Arcobacteraceae;g__Aliarcobacter;s__Aliarcobacter aquimarinus	True	type strain of species
GCF_011769985.2	Sulfurospirillum diekertiae	d__Bacteria;p__Campylobacterota;c__Epsilonproteobacteria;o__Campylobacterales;f__Sulfurospirillaceae;g__Sulfurospirillum;s__Sulfurospirillum diekertiae	d__Bacteria;p__Campylobacterota;c__Campylobacteria;o__Campylobacterales;f__Sulfurospirillaceae;g__Sulfurospirillum;s__Sulfurospirillum diekertiae	True	type strain of species
GCF_013201605.1	Campylobacter ornithocola	d__Bacteria;p__Campylobacterota;c__Epsilonproteobacteria;o__Campylobacterales;f__Campylobacteraceae;g__Campylobacter;s__Campylobacter ornithocola	d__Bacteria;p__Campylobacterota;c__Campylobacteria;o__Campylobacterales;f__Campylobacteraceae;g__Campylobacter_D;s__Campylobacter_D ornithocola	True	type strain of species
GCF_013201825.1	Halarcobacter ebronensis	d__Bacteria;p__Campylobacterota;c__Epsilonproteobacteria;o__Campylobacterales;f__Arcobacteraceae;g__Halarcobacter;s__Halarcobacter ebronensis	d__Bacteria;p__Campylobacterota;c__Campylobacteria;o__Campylobacterales;f__Arcobacteraceae;g__Halarcobacter;s__Halarcobacter ebronensis	True	type strain of species
GCF_013201685.1	Campylobacter geochelonis	d__Bacteria;p__Campylobacterota;c__Epsilonproteobacteria;o__Campylobacterales;f__Campylobacteraceae;g__Campylobacter;s__Campylobacter geochelonis	d__Bacteria;p__Campylobacterota;c__Campylobacteria;o__Campylobacterales;f__Campylobacteraceae;g__Campylobacter_B;s__Campylobacter_B geochelonis	True	type strain of species
GCF_013372145.1	Campylobacter hyointestinalis subsp. hyointestinalis	d__Bacteria;p__Campylobacterota;c__Epsilonproteobacteria;o__Campylobacterales;f__Campylobacteraceae;g__Campylobacter;s__Campylobacter hyointestinalis	d__Bacteria;p__Campylobacterota;c__Campylobacteria;o__Campylobacterales;f__Campylobacteraceae;g__Campylobacter;s__Campylobacter hyointestinalis	True	type strain of species
GCF_013372205.1	Campylobacter mucosalis	d__Bacteria;p__Campylobacterota;c__Epsilonproteobacteria;o__Campylobacterales;f__Campylobacteraceae;g__Campylobacter;s__Campylobacter mucosalis	d__Bacteria;p__Campylobacterota;c__Campylobacteria;o__Campylobacterales;f__Campylobacteraceae;g__Campylobacter_A;s__Campylobacter_A mucosalis	True	type strain of species
GCF_013283835.1	Poseidonibacter lekithochrous	d__Bacteria;p__Campylobacterota;c__Epsilonproteobacteria;o__Campylobacterales;f__Arcobacteraceae;g__Poseidonibacter;s__Poseidonibacter lekithochrous	d__Bacteria;p__Campylobacterota;c__Campylobacteria;o__Campylobacterales;f__Arcobacteraceae;g__Poseidonibacter;s__Poseidonibacter lekithochrous	True	type strain of species
GCF_013201645.1	Campylobacter corcagiensis	d__Bacteria;p__Campylobacterota;c__Epsilonproteobacteria;o__Campylobacterales;f__Campylobacteraceae;g__Campylobacter;s__Campylobacter corcagiensis	d__Bacteria;p__Campylobacterota;c__Campylobacteria;o__Campylobacterales;f__Campylobacteraceae;g__Campylobacter_B;s__Campylobacter_B corcagiensis	True	type strain of species
GCF_013201935.1	Arcobacter cloacae	d__Bacteria;p__Campylobacterota;c__Epsilonproteobacteria;o__Campylobacterales;f__Arcobacteraceae;g__Arcobacter;s__Arcobacter cloacae	d__Bacteria;p__Campylobacterota;c__Campylobacteria;o__Campylobacterales;f__Arcobacteraceae;g__Aliarcobacter;s__Aliarcobacter cloacae	True	type strain of species
GCF_013372185.1	Campylobacter lari subsp. lari	d__Bacteria;p__Campylobacterota;c__Epsilonproteobacteria;o__Campylobacterales;f__Campylobacteraceae;g__Campylobacter;s__Campylobacter lari	d__Bacteria;p__Campylobacterota;c__Campylobacteria;o__Campylobacterales;f__Campylobacteraceae;g__Campylobacter_D;s__Campylobacter_D lari	True	type strain of species
GCF_013372125.1	Campylobacter curvus	d__Bacteria;p__Campylobacterota;c__Epsilonproteobacteria;o__Campylobacterales;f__Campylobacteraceae;g__Campylobacter;s__Campylobacter curvus	d__Bacteria;p__Campylobacterota;c__Campylobacteria;o__Campylobacterales;f__Campylobacteraceae;g__Campylobacter_A;s__Campylobacter_A curvus	True	type strain of species
GCF_004803815.1	Campylobacter showae	d__Bacteria;p__Campylobacterota;c__Epsilonproteobacteria;o__Campylobacterales;f__Campylobacteraceae;g__Campylobacter;s__Campylobacter showae	d__Bacteria;p__Campylobacterota;c__Campylobacteria;o__Campylobacterales;f__Campylobacteraceae;g__Campylobacter_A;s__Campylobacter_A showae	True	type strain of species
GCF_013177675.1	Arcobacter acticola	d__Bacteria;p__Campylobacterota;c__Epsilonproteobacteria;o__Campylobacterales;f__Arcobacteraceae;g__Arcobacter;s__Arcobacter acticola	d__Bacteria;p__Campylobacterota;c__Campylobacteria;o__Campylobacterales;f__Arcobacteraceae;g__Aliarcobacter;s__Aliarcobacter acticola	True	type strain of species
GCF_013201725.1	Arcobacter defluvii	d__Bacteria;p__Campylobacterota;c__Epsilonproteobacteria;o__Campylobacterales;f__Arcobacteraceae;g__Arcobacter;s__Arcobacter defluvii	d__Bacteria;p__Campylobacterota;c__Campylobacteria;o__Campylobacterales;f__Arcobacteraceae;g__Aliarcobacter;s__Aliarcobacter defluvii	True	type strain of species
GCF_004803795.1	Campylobacter rectus	d__Bacteria;p__Campylobacterota;c__Epsilonproteobacteria;o__Campylobacterales;f__Campylobacteraceae;g__Campylobacter;s__Campylobacter rectus	d__Bacteria;p__Campylobacterota;c__Campylobacteria;o__Campylobacterales;f__Campylobacteraceae;g__Campylobacter_A;s__Campylobacter_A rectus	True	type strain of species
GCF_013372105.1	Campylobacter armoricus	d__Bacteria;p__Campylobacterota;c__Epsilonproteobacteria;o__Campylobacterales;f__Campylobacteraceae;g__Campylobacter;s__Campylobacter armoricus	d__Bacteria;p__Campylobacterota;c__Campylobacteria;o__Campylobacterales;f__Campylobacteraceae;g__Campylobacter_D;s__Campylobacter_D armoricus	True	type strain of species
GCF_013201895.1	Campylobacter blaseri	d__Bacteria;p__Campylobacterota;c__Epsilonproteobacteria;o__Campylobacterales;f__Campylobacteraceae;g__Campylobacter;s__Campylobacter blaseri	d__Bacteria;p__Campylobacterota;c__Campylobacteria;o__Campylobacterales;f__Campylobacteraceae;g__Campylobacter_B;s__Campylobacter_B blaseri	True	type strain of species
GCF_013177655.1	Campylobacter canadensis	d__Bacteria;p__Campylobacterota;c__Epsilonproteobacteria;o__Campylobacterales;f__Campylobacteraceae;g__Campylobacter;s__Campylobacter canadensis	d__Bacteria;p__Campylobacterota;c__Campylobacteria;o__Campylobacterales;f__Campylobacteraceae;g__Campylobacter_E;s__Campylobacter_E canadensis	True	type strain of species
GCF_013372265.1	Aliarcobacter cibarius	d__Bacteria;p__Campylobacterota;c__Epsilonproteobacteria;o__Campylobacterales;f__Arcobacteraceae;g__Aliarcobacter;s__Aliarcobacter cibarius	d__Bacteria;p__Campylobacterota;c__Campylobacteria;o__Campylobacterales;f__Arcobacteraceae;g__Aliarcobacter;s__Aliarcobacter cibarius	True	type strain of species
GCF_013201625.1	Aliarcobacter lanthieri	d__Bacteria;p__Campylobacterota;c__Epsilonproteobacteria;o__Campylobacterales;f__Arcobacteraceae;g__Aliarcobacter;s__Aliarcobacter lanthieri	d__Bacteria;p__Campylobacterota;c__Campylobacteria;o__Campylobacterales;f__Arcobacteraceae;g__Aliarcobacter;s__Aliarcobacter lanthieri	True	type strain of species
GCF_013201705.1	Aliarcobacter faecis	d__Bacteria;p__Campylobacterota;c__Epsilonproteobacteria;o__Campylobacterales;f__Arcobacteraceae;g__Aliarcobacter;s__Aliarcobacter faecis	d__Bacteria;p__Campylobacterota;c__Campylobacteria;o__Campylobacterales;f__Arcobacteraceae;g__Aliarcobacter;s__Aliarcobacter faecis	True	type strain of species
GCF_013372225.1	Campylobacter ureolyticus	d__Bacteria;p__Campylobacterota;c__Epsilonproteobacteria;o__Campylobacterales;f__Campylobacteraceae;g__Campylobacter;s__Campylobacter ureolyticus	d__Bacteria;p__Campylobacterota;c__Campylobacteria;o__Campylobacterales;f__Campylobacteraceae;g__Campylobacter_B;s__Campylobacter_B ureolyticus	True	type strain of species
GCF_013201665.1	Arcobacter venerupis	d__Bacteria;p__Campylobacterota;c__Epsilonproteobacteria;o__Campylobacterales;f__Arcobacteraceae;g__Arcobacter;s__Arcobacter venerupis	d__Bacteria;p__Campylobacterota;c__Campylobacteria;o__Campylobacterales;f__Arcobacteraceae;g__Aliarcobacter;s__Aliarcobacter venerupis	True	type strain of species
GCF_014253065.1	Campylobacter massiliensis	d__Bacteria;p__Campylobacterota;c__Epsilonproteobacteria;o__Campylobacterales;f__Campylobacteraceae;g__Campylobacter;s__Campylobacter massiliensis	d__Bacteria;p__Campylobacterota;c__Campylobacteria;o__Campylobacterales;f__Campylobacteraceae;g__Campylobacter_A;s__Campylobacter_A massiliensis	True	type strain of species
GCF_014466985.1	Nitrosophilus labii	d__Bacteria;p__Campylobacterota;c__Epsilonproteobacteria;o__Nautiliales;f__Nitratiruptoraceae;g__Nitrosophilus;s__Nitrosophilus labii	d__Bacteria;p__Campylobacterota;c__Campylobacteria;o__Campylobacterales;f__Nitratiruptoraceae;g__Nitrosophilus_A;s__Nitrosophilus_A labii	True	type strain of species
GCA_009827235.1	Candidatus Campylobacter infans	d__Bacteria;p__Campylobacterota;c__Epsilonproteobacteria;o__Campylobacterales;f__Campylobacteraceae;g__Campylobacter;s__Candidatus Campylobacter infans	d__Bacteria;p__Campylobacterota;c__Campylobacteria;o__Campylobacterales;f__Campylobacteraceae;g__Campylobacter;s__Campylobacter infans	True	type strain of species
GCF_014905095.1	Sulfurimonas marina	d__Bacteria;p__Campylobacterota;c__Epsilonproteobacteria;o__Campylobacterales;f__Sulfurimonadaceae;g__Sulfurimonas;s__Sulfurimonas marina	d__Bacteria;p__Campylobacterota;c__Campylobacteria;o__Campylobacterales;f__Sulfurimonadaceae;g__Sulfurimonas;s__Sulfurimonas marina	True	type strain of species
GCF_014905115.1	Sulfurimonas sediminis	d__Bacteria;p__Campylobacterota;c__Epsilonproteobacteria;o__Campylobacterales;f__Sulfurimonadaceae;g__Sulfurimonas;s__Sulfurimonas sediminis	d__Bacteria;p__Campylobacterota;c__Campylobacteria;o__Campylobacterales;f__Sulfurimonadaceae;g__Sulfurimonas;s__Sulfurimonas sediminis	True	type strain of species
GCF_015265475.1	Candidatus Sulfurimonas marisnigri	d__Bacteria;p__Campylobacterota;c__Epsilonproteobacteria;o__Campylobacterales;f__Sulfurimonadaceae;g__Sulfurimonas;s__Candidatus Sulfurimonas marisnigri	d__Bacteria;p__Campylobacterota;c__Campylobacteria;o__Campylobacterales;f__Sulfurimonadaceae;g__Sulfurimonas;s__Sulfurimonas marisnigri	True	type strain of species
GCF_015265455.1	Candidatus Sulfurimonas baltica	d__Bacteria;p__Campylobacterota;c__Epsilonproteobacteria;o__Campylobacterales;f__Sulfurimonadaceae;g__Sulfurimonas;s__Candidatus Sulfurimonas baltica	d__Bacteria;p__Campylobacterota;c__Campylobacteria;o__Campylobacterales;f__Sulfurimonadaceae;g__Sulfurimonas;s__Sulfurimonas baltica	True	type strain of species
GCF_014905135.1	Sulfurimonas paralvinellae	d__Bacteria;p__Campylobacterota;c__Epsilonproteobacteria;o__Campylobacterales;f__Sulfurimonadaceae;g__Sulfurimonas;s__Sulfurimonas paralvinellae	d__Bacteria;p__Campylobacterota;c__Campylobacteria;o__Campylobacterales;f__Sulfurimonadaceae;g__Sulfurimonas;s__Sulfurimonas paralvinellae	True	type strain of species
GCF_014931715.1	Sulfurovum indicum	d__Bacteria;p__Campylobacterota;c__Epsilonproteobacteria;o__Campylobacterales;f__Sulfurovaceae;g__Sulfurovum;s__Sulfurovum indicum	d__Bacteria;p__Campylobacterota;c__Campylobacteria;o__Campylobacterales;f__Sulfurovaceae;g__Sulfurovum;s__Sulfurovum indicum	True	type strain of species
GCF_016106035.1	Arcobacter vandammei	d__Bacteria;p__Campylobacterota;c__Epsilonproteobacteria;o__Campylobacterales;f__Arcobacteraceae;g__Arcobacter;s__Arcobacter vandammei	d__Bacteria;p__Campylobacterota;c__Campylobacteria;o__Campylobacterales;f__Arcobacteraceae;g__Aliarcobacter;s__Aliarcobacter vandammei	True	type strain of species
GCF_015100395.1	Nitrosophilus alvini	d__Bacteria;p__Campylobacterota;c__Epsilonproteobacteria;o__Nautiliales;f__Nitratiruptoraceae;g__Nitrosophilus;s__Nitrosophilus alvini	d__Bacteria;p__Campylobacterota;c__Campylobacteria;o__Campylobacterales;f__Nitratiruptoraceae;g__Nitrosophilus;s__Nitrosophilus alvini	True	type strain of species
GCF_016937535.1	Sulfurospirillum tamanense	d__Bacteria;p__Campylobacterota;c__Epsilonproteobacteria;o__Campylobacterales;f__Sulfurospirillaceae;g__Sulfurospirillum;s__Sulfurospirillum tamanense	d__Bacteria;p__Campylobacterota;c__Campylobacteria;o__Campylobacterales;f__UBA1877;g__Sulfurospirillum_B;s__Sulfurospirillum_B tamanense	True	type strain of species
GCF_017357825.1	Sulfurimonas aquatica	d__Bacteria;p__Campylobacterota;c__Epsilonproteobacteria;o__Campylobacterales;f__Sulfurimonadaceae;g__Sulfurimonas;s__Sulfurimonas aquatica	d__Bacteria;p__Campylobacterota;c__Campylobacteria;o__Campylobacterales;f__Sulfurimonadaceae;g__Sulfurimonas;s__Sulfurimonas aquatica	True	type strain of species
GCF_016806695.1	Campylobacter bilis	d__Bacteria;p__Campylobacterota;c__Epsilonproteobacteria;o__Campylobacterales;f__Campylobacteraceae;g__Campylobacter;s__Campylobacter bilis	d__Bacteria;p__Campylobacterota;c__Campylobacteria;o__Campylobacterales;f__Campylobacteraceae;g__Campylobacter_D;s__Campylobacter_D bilis	True	type strain of species
GCF_016593255.1	Hydrogenimonas urashimensis	d__Bacteria;p__Campylobacterota;c__Epsilonproteobacteria;o__Campylobacterales;f__Hydrogenimonadaceae;g__Hydrogenimonas;s__Hydrogenimonas urashimensis	d__Bacteria;p__Campylobacterota;c__Campylobacteria;o__Campylobacterales;f__Hydrogenimonadaceae;g__Hydrogenimonas;s__Hydrogenimonas urashimensis	True	type strain of species
GCF_017979475.1	Helicobacter pullorum NCTC 12824	d__Bacteria;p__Campylobacterota;c__Epsilonproteobacteria;o__Campylobacterales;f__Helicobacteraceae;g__Helicobacter;s__Helicobacter pullorum	d__Bacteria;p__Campylobacterota;c__Campylobacteria;o__Campylobacterales;f__Helicobacteraceae;g__Helicobacter_D;s__Helicobacter_D pullorum	True	type strain of species
GCF_017979425.1	Helicobacter salomonis	d__Bacteria;p__Campylobacterota;c__Epsilonproteobacteria;o__Campylobacterales;f__Helicobacteraceae;g__Helicobacter;s__Helicobacter salomonis	d__Bacteria;p__Campylobacterota;c__Campylobacteria;o__Campylobacterales;f__Helicobacteraceae;g__Helicobacter_E;s__Helicobacter_E salomonis	True	type strain of species
GCF_018145655.1	Campylobacter anatolicus	d__Bacteria;p__Campylobacterota;c__Epsilonproteobacteria;o__Campylobacterales;f__Campylobacteraceae;g__Campylobacter;s__Campylobacter anatolicus	d__Bacteria;p__Campylobacterota;c__Campylobacteria;o__Campylobacterales;f__Campylobacteraceae;g__Campylobacter_A;s__Campylobacter_A anatolicus	True	type strain of species
GCA_000263275.1	Helicobacter bizzozeronii CCUG 35545	d__Bacteria;p__Campylobacterota;c__Epsilonproteobacteria;o__Campylobacterales;f__Helicobacteraceae;g__Helicobacter;s__Helicobacter bizzozeronii	d__Bacteria;p__Campylobacterota;c__Campylobacteria;o__Campylobacterales;f__Helicobacteraceae;g__Helicobacter_E;s__Helicobacter_E bizzozeronii	True	type strain of species
GCA_000517565.1	Desulfurella acetivorans A63	d__Bacteria;p__Campylobacterota;c__Desulfurellia;o__Desulfurellales;f__Desulfurellaceae;g__Desulfurella;s__Desulfurella acetivorans	d__Bacteria;p__Campylobacterota;c__Desulfurellia;o__Desulfurellales;f__Desulfurellaceae;g__Desulfurella;s__Desulfurella acetivorans	True	type strain of species
GCA_019112865.1	Candidatus Helicobacter avicola	d__Bacteria;p__Campylobacterota;c__Epsilonproteobacteria;o__Campylobacterales;f__Helicobacteraceae;g__Helicobacter;s__Candidatus Helicobacter avicola	d__Bacteria;p__Campylobacterota;c__Campylobacteria;o__Campylobacterales;f__Helicobacteraceae;g__Helicobacter_F;s__Helicobacter_F avicola	True	type strain of species
GCA_019115525.1	Candidatus Helicobacter avistercoris	d__Bacteria;p__Campylobacterota;c__Epsilonproteobacteria;o__Campylobacterales;f__Helicobacteraceae;g__Helicobacter;s__Candidatus Helicobacter avistercoris	d__Bacteria;p__Campylobacterota;c__Campylobacteria;o__Campylobacterales;f__Helicobacteraceae;g__Helicobacter_G;s__Helicobacter_G avistercoris	True	type strain of species
GCF_019711685.1	Helicobacter turcicus	d__Bacteria;p__Campylobacterota;c__Epsilonproteobacteria;o__Campylobacterales;f__Helicobacteraceae;g__Helicobacter;s__Helicobacter turcicus	d__Bacteria;p__Campylobacterota;c__Campylobacteria;o__Campylobacterales;f__Helicobacteraceae;g__Helicobacter_D;s__Helicobacter_D turcicus	True	type strain of species
GCF_905120475.1	Campylobacter suis	d__Bacteria;p__Campylobacterota;c__Epsilonproteobacteria;o__Campylobacterales;f__Campylobacteraceae;g__Campylobacter;s__Campylobacter suis	d__Bacteria;p__Campylobacterota;c__Campylobacteria;o__Campylobacterales;f__Campylobacteraceae;g__Campylobacter_A;s__Campylobacter_A suis	True	type strain of species
GCF_021300615.1	Helicobacter anatolicus	d__Bacteria;p__Campylobacterota;c__Epsilonproteobacteria;o__Campylobacterales;f__Helicobacteraceae;g__Helicobacter;s__Helicobacter anatolicus	d__Bacteria;p__Campylobacterota;c__Campylobacteria;o__Campylobacterales;f__Helicobacteraceae;g__Helicobacter_H;s__Helicobacter_H anatolicus	True	type strain of species
GCF_023646285.1	Helicobacter colisuis	d__Bacteria;p__Campylobacterota;c__Epsilonproteobacteria;o__Campylobacterales;f__Helicobacteraceae;g__Helicobacter;s__Helicobacter colisuis	d__Bacteria;p__Campylobacterota;c__Campylobacteria;o__Campylobacterales;f__Helicobacteraceae;g__Helicobacter_D;s__Helicobacter_D colisuis	True	type strain of species
GCF_021300655.1	Helicobacter kayseriensis	d__Bacteria;p__Campylobacterota;c__Epsilonproteobacteria;o__Campylobacterales;f__Helicobacteraceae;g__Helicobacter;s__Helicobacter kayseriensis	d__Bacteria;p__Campylobacterota;c__Campylobacteria;o__Campylobacterales;f__Helicobacteraceae;g__Helicobacter_G;s__Helicobacter_G kayseriensis	True	type strain of species
GCF_905120465.1	Campylobacter majalis	d__Bacteria;p__Campylobacterota;c__Epsilonproteobacteria;o__Campylobacterales;f__Campylobacteraceae;g__Campylobacter;s__Campylobacter majalis	d__Bacteria;p__Campylobacterota;c__Campylobacteria;o__Campylobacterales;f__Campylobacteraceae;g__Campylobacter_A;s__Campylobacter_A majalis	True	type strain of species
GCF_024267655.1	Arcobacter roscoffensis	d__Bacteria;p__Campylobacterota;c__Epsilonproteobacteria;o__Campylobacterales;f__Arcobacteraceae;g__Arcobacter;s__Arcobacter roscoffensis	d__Bacteria;p__Campylobacterota;c__Campylobacteria;o__Campylobacterales;f__Arcobacteraceae;g__Arcobacter_B;s__Arcobacter_B roscoffensis	True	type strain of species
GCF_003316695.1	Aliarcobacter vitoriensis	d__Bacteria;p__Campylobacterota;c__Epsilonproteobacteria;o__Campylobacterales;f__Arcobacteraceae;g__Aliarcobacter;s__Aliarcobacter vitoriensis	d__Bacteria;p__Campylobacterota;c__Campylobacteria;o__Campylobacterales;f__Arcobacteraceae;g__Aliarcobacter;s__Aliarcobacter vitoriensis	True	type strain of species
GCA_021582295.1	Candidatus Thiovulum stygium	d__Bacteria;p__Campylobacterota;c__Epsilonproteobacteria;o__Campylobacterales;f__Sulfurimonadaceae;g__Thiovulum;s__Candidatus Thiovulum stygium	d__Bacteria;p__Campylobacterota;c__Campylobacteria;o__Campylobacterales;f__Thiovulaceae;g__Thiovulum_C;s__Thiovulum_C stygium	True	type strain of species
GCA_024281215.1	Candidatus Thiovulum karukerense	d__Bacteria;p__Campylobacterota;c__Epsilonproteobacteria;o__Campylobacterales;f__Sulfurimonadaceae;g__Thiovulum;s__Candidatus Thiovulum karukerense	d__Bacteria;p__Campylobacterota;c__Campylobacteria;o__Campylobacterales;f__Thiovulaceae;g__Thiovulum_B;s__Thiovulum_B karukerense	True	type strain of species
GCF_027943725.1	Nitrosophilus kaiyonis	d__Bacteria;p__Campylobacterota;c__Epsilonproteobacteria;o__Nautiliales;f__Nitratiruptoraceae;g__Nitrosophilus;s__Nitrosophilus kaiyonis	d__Bacteria;p__Campylobacterota;c__Campylobacteria;o__Campylobacterales;f__Nitratiruptoraceae;g__Nitrosophilus_A;s__Nitrosophilus_A kaiyonis	True	type strain of species
GCF_028649595.1	Campylobacter magnus	d__Bacteria;p__Campylobacterota;c__Epsilonproteobacteria;o__Campylobacterales;f__Campylobacteraceae;g__Campylobacter;s__Campylobacter magnus	d__Bacteria;p__Campylobacterota;c__Campylobacteria;o__Campylobacterales;f__Campylobacteraceae;g__Campylobacter;s__Campylobacter magnus	True	type strain of species
GCF_025770725.1	Sulfurospirillum oryzae	d__Bacteria;p__Campylobacterota;c__Epsilonproteobacteria;o__Campylobacterales;f__Sulfurospirillaceae;g__Sulfurospirillum;s__Sulfurospirillum oryzae	d__Bacteria;p__Campylobacterota;c__Campylobacteria;o__Campylobacterales;f__Sulfurospirillaceae;g__Sulfurospirillum;s__Sulfurospirillum oryzae	True	type strain of species
GCF_026000295.1	Helicobacter suis HS1	d__Bacteria;p__Campylobacterota;c__Epsilonproteobacteria;o__Campylobacterales;f__Helicobacteraceae;g__Helicobacter;s__Helicobacter suis	d__Bacteria;p__Campylobacterota;c__Campylobacteria;o__Campylobacterales;f__Helicobacteraceae;g__Helicobacter_E;s__Helicobacter_E suis	True	type strain of species
GCF_030296055.1	Hydrogenimonas cancrithermarum	d__Bacteria;p__Campylobacterota;c__Epsilonproteobacteria;o__Campylobacterales;f__Hydrogenimonadaceae;g__Hydrogenimonas;s__Hydrogenimonas cancrithermarum	d__Bacteria;p__Campylobacterota;c__Campylobacteria;o__Campylobacterales;f__Hydrogenimonadaceae;g__Hydrogenimonas;s__Hydrogenimonas cancrithermarum	True	type strain of species
GCF_027859255.1	Helicobacter ibis	d__Bacteria;p__Campylobacterota;c__Epsilonproteobacteria;o__Campylobacterales;f__Helicobacteraceae;g__Helicobacter;s__Helicobacter ibis	d__Bacteria;p__Campylobacterota;c__Campylobacteria;o__Campylobacterales;f__Helicobacteraceae;g__Helicobacter_D;s__Helicobacter_D ibis	True	type strain of species
GCF_030249845.1	Campylobacter gastrosuis	d__Bacteria;p__Campylobacterota;c__Epsilonproteobacteria;o__Campylobacterales;f__Campylobacteraceae;g__Campylobacter;s__Campylobacter gastrosuis	d__Bacteria;p__Campylobacterota;c__Campylobacteria;o__Campylobacterales;f__Campylobacteraceae;g__Campylobacter_A;s__Campylobacter_A gastrosuis	True	type strain of species
GCF_027946175.1	Nitratiruptor tergarcus DSM 16512	d__Bacteria;p__Campylobacterota;c__Epsilonproteobacteria;o__Nautiliales;f__Nitratiruptoraceae;g__Nitratiruptor;s__Nitratiruptor tergarcus	d__Bacteria;p__Campylobacterota;c__Campylobacteria;o__Campylobacterales;f__Nitratiruptoraceae;g__Nitratiruptor;s__Nitratiruptor tergarcus	True	type strain of species
GCF_028751035.1	Helicobacter winghamensis ATCC BAA-430	d__Bacteria;p__Campylobacterota;c__Epsilonproteobacteria;o__Campylobacterales;f__Helicobacteraceae;g__Helicobacter;s__Helicobacter winghamensis	d__Bacteria;p__Campylobacterota;c__Campylobacteria;o__Campylobacterales;f__Helicobacteraceae;g__Helicobacter_D;s__Helicobacter_D winghamensis	True	type strain of species
